Domain Code,Domain,Area Code (FAO),Area,Element Code,Element,Item Code (FAO),Item,Year Code,Year,Unit,Value,Flag,Flag Description
"QCL","Crops and livestock products","5000","World","5419","Yield","236","Soybeans","1961","1961","hg/ha","11287","Fc","Calculated data"
"QCL","Crops and livestock products","5000","World","5419","Yield","236","Soybeans","1962","1962","hg/ha","11384","Fc","Calculated data"
"QCL","Crops and livestock products","5000","World","5419","Yield","236","Soybeans","1963","1963","hg/ha","11561","Fc","Calculated data"
"QCL","Crops and livestock products","5000","World","5419","Yield","236","Soybeans","1964","1964","hg/ha","11323","Fc","Calculated data"
"QCL","Crops and livestock products","5000","World","5419","Yield","236","Soybeans","1965","1965","hg/ha","12279","Fc","Calculated data"
"QCL","Crops and livestock products","5000","World","5419","Yield","236","Soybeans","1966","1966","hg/ha","13723","Fc","Calculated data"
"QCL","Crops and livestock products","5000","World","5419","Yield","236","Soybeans","1967","1967","hg/ha","13494","Fc","Calculated data"
"QCL","Crops and livestock products","5000","World","5419","Yield","236","Soybeans","1968","1968","hg/ha","14345","Fc","Calculated data"
"QCL","Crops and livestock products","5000","World","5419","Yield","236","Soybeans","1969","1969","hg/ha","14523","Fc","Calculated data"
"QCL","Crops and livestock products","5000","World","5419","Yield","236","Soybeans","1970","1970","hg/ha","14800","Fc","Calculated data"
"QCL","Crops and livestock products","5000","World","5419","Yield","236","Soybeans","1971","1971","hg/ha","15189","Fc","Calculated data"
"QCL","Crops and livestock products","5000","World","5419","Yield","236","Soybeans","1972","1972","hg/ha","14896","Fc","Calculated data"
"QCL","Crops and livestock products","5000","World","5419","Yield","236","Soybeans","1973","1973","hg/ha","15851","Fc","Calculated data"
"QCL","Crops and livestock products","5000","World","5419","Yield","236","Soybeans","1974","1974","hg/ha","14079","Fc","Calculated data"
"QCL","Crops and livestock products","5000","World","5419","Yield","236","Soybeans","1975","1975","hg/ha","16574","Fc","Calculated data"
"QCL","Crops and livestock products","5000","World","5419","Yield","236","Soybeans","1976","1976","hg/ha","15443","Fc","Calculated data"
"QCL","Crops and livestock products","5000","World","5419","Yield","236","Soybeans","1977","1977","hg/ha","17561","Fc","Calculated data"
"QCL","Crops and livestock products","5000","World","5419","Yield","236","Soybeans","1978","1978","hg/ha","16264","Fc","Calculated data"
"QCL","Crops and livestock products","5000","World","5419","Yield","236","Soybeans","1979","1979","hg/ha","17492","Fc","Calculated data"
"QCL","Crops and livestock products","5000","World","5419","Yield","236","Soybeans","1980","1980","hg/ha","16001","Fc","Calculated data"
"QCL","Crops and livestock products","5000","World","5419","Yield","236","Soybeans","1981","1981","hg/ha","17538","Fc","Calculated data"
"QCL","Crops and livestock products","5000","World","5419","Yield","236","Soybeans","1982","1982","hg/ha","17586","Fc","Calculated data"
"QCL","Crops and livestock products","5000","World","5419","Yield","236","Soybeans","1983","1983","hg/ha","16201","Fc","Calculated data"
"QCL","Crops and livestock products","5000","World","5419","Yield","236","Soybeans","1984","1984","hg/ha","17143","Fc","Calculated data"
"QCL","Crops and livestock products","5000","World","5419","Yield","236","Soybeans","1985","1985","hg/ha","19063","Fc","Calculated data"
"QCL","Crops and livestock products","5000","World","5419","Yield","236","Soybeans","1986","1986","hg/ha","18199","Fc","Calculated data"
"QCL","Crops and livestock products","5000","World","5419","Yield","236","Soybeans","1987","1987","hg/ha","19052","Fc","Calculated data"
"QCL","Crops and livestock products","5000","World","5419","Yield","236","Soybeans","1988","1988","hg/ha","17047","Fc","Calculated data"
"QCL","Crops and livestock products","5000","World","5419","Yield","236","Soybeans","1989","1989","hg/ha","18288","Fc","Calculated data"
"QCL","Crops and livestock products","5000","World","5419","Yield","236","Soybeans","1990","1990","hg/ha","18958","Fc","Calculated data"
"QCL","Crops and livestock products","5000","World","5419","Yield","236","Soybeans","1991","1991","hg/ha","18725","Fc","Calculated data"
"QCL","Crops and livestock products","5000","World","5419","Yield","236","Soybeans","1992","1992","hg/ha","20310","Fc","Calculated data"
"QCL","Crops and livestock products","5000","World","5419","Yield","236","Soybeans","1993","1993","hg/ha","19361","Fc","Calculated data"
"QCL","Crops and livestock products","5000","World","5419","Yield","236","Soybeans","1994","1994","hg/ha","21825","Fc","Calculated data"
"QCL","Crops and livestock products","5000","World","5419","Yield","236","Soybeans","1995","1995","hg/ha","20312","Fc","Calculated data"
"QCL","Crops and livestock products","5000","World","5419","Yield","236","Soybeans","1996","1996","hg/ha","21316","Fc","Calculated data"
"QCL","Crops and livestock products","5000","World","5419","Yield","236","Soybeans","1997","1997","hg/ha","21565","Fc","Calculated data"
"QCL","Crops and livestock products","5000","World","5419","Yield","236","Soybeans","1998","1998","hg/ha","22562","Fc","Calculated data"
"QCL","Crops and livestock products","5000","World","5419","Yield","236","Soybeans","1999","1999","hg/ha","21901","Fc","Calculated data"
"QCL","Crops and livestock products","5000","World","5419","Yield","236","Soybeans","2000","2000","hg/ha","21708","Fc","Calculated data"
"QCL","Crops and livestock products","5000","World","5419","Yield","236","Soybeans","2001","2001","hg/ha","23061","Fc","Calculated data"
"QCL","Crops and livestock products","5000","World","5419","Yield","236","Soybeans","2002","2002","hg/ha","22925","Fc","Calculated data"
"QCL","Crops and livestock products","5000","World","5419","Yield","236","Soybeans","2003","2003","hg/ha","22796","Fc","Calculated data"
"QCL","Crops and livestock products","5000","World","5419","Yield","236","Soybeans","2004","2004","hg/ha","22433","Fc","Calculated data"
"QCL","Crops and livestock products","5000","World","5419","Yield","236","Soybeans","2005","2005","hg/ha","23175","Fc","Calculated data"
"QCL","Crops and livestock products","5000","World","5419","Yield","236","Soybeans","2006","2006","hg/ha","23240","Fc","Calculated data"
"QCL","Crops and livestock products","5000","World","5419","Yield","236","Soybeans","2007","2007","hg/ha","24370","Fc","Calculated data"
"QCL","Crops and livestock products","5000","World","5419","Yield","236","Soybeans","2008","2008","hg/ha","23979","Fc","Calculated data"
"QCL","Crops and livestock products","5000","World","5419","Yield","236","Soybeans","2009","2009","hg/ha","22476","Fc","Calculated data"
"QCL","Crops and livestock products","5000","World","5419","Yield","236","Soybeans","2010","2010","hg/ha","25772","Fc","Calculated data"
"QCL","Crops and livestock products","5000","World","5419","Yield","236","Soybeans","2011","2011","hg/ha","25188","Fc","Calculated data"
"QCL","Crops and livestock products","5000","World","5419","Yield","236","Soybeans","2012","2012","hg/ha","22884","Fc","Calculated data"
"QCL","Crops and livestock products","5000","World","5419","Yield","236","Soybeans","2013","2013","hg/ha","24991","Fc","Calculated data"
"QCL","Crops and livestock products","5000","World","5419","Yield","236","Soybeans","2014","2014","hg/ha","26017","Fc","Calculated data"
"QCL","Crops and livestock products","5000","World","5419","Yield","236","Soybeans","2015","2015","hg/ha","26741","Fc","Calculated data"
"QCL","Crops and livestock products","5000","World","5419","Yield","236","Soybeans","2016","2016","hg/ha","27528","Fc","Calculated data"
"QCL","Crops and livestock products","5000","World","5419","Yield","236","Soybeans","2017","2017","hg/ha","28564","Fc","Calculated data"
"QCL","Crops and livestock products","5000","World","5419","Yield","236","Soybeans","2018","2018","hg/ha","27789","Fc","Calculated data"
"QCL","Crops and livestock products","5000","World","5419","Yield","236","Soybeans","2019","2019","hg/ha","27674","Fc","Calculated data"
"QCL","Crops and livestock products","5000","World","5419","Yield","236","Soybeans","2020","2020","hg/ha","27842","Fc","Calculated data"
"QCL","Crops and livestock products","5100","Africa","5419","Yield","236","Soybeans","1961","1961","hg/ha","3758","Fc","Calculated data"
"QCL","Crops and livestock products","5100","Africa","5419","Yield","236","Soybeans","1962","1962","hg/ha","3935","Fc","Calculated data"
"QCL","Crops and livestock products","5100","Africa","5419","Yield","236","Soybeans","1963","1963","hg/ha","3949","Fc","Calculated data"
"QCL","Crops and livestock products","5100","Africa","5419","Yield","236","Soybeans","1964","1964","hg/ha","3692","Fc","Calculated data"
"QCL","Crops and livestock products","5100","Africa","5419","Yield","236","Soybeans","1965","1965","hg/ha","3480","Fc","Calculated data"
"QCL","Crops and livestock products","5100","Africa","5419","Yield","236","Soybeans","1966","1966","hg/ha","3746","Fc","Calculated data"
"QCL","Crops and livestock products","5100","Africa","5419","Yield","236","Soybeans","1967","1967","hg/ha","4189","Fc","Calculated data"
"QCL","Crops and livestock products","5100","Africa","5419","Yield","236","Soybeans","1968","1968","hg/ha","4163","Fc","Calculated data"
"QCL","Crops and livestock products","5100","Africa","5419","Yield","236","Soybeans","1969","1969","hg/ha","4594","Fc","Calculated data"
"QCL","Crops and livestock products","5100","Africa","5419","Yield","236","Soybeans","1970","1970","hg/ha","4366","Fc","Calculated data"
"QCL","Crops and livestock products","5100","Africa","5419","Yield","236","Soybeans","1971","1971","hg/ha","4121","Fc","Calculated data"
"QCL","Crops and livestock products","5100","Africa","5419","Yield","236","Soybeans","1972","1972","hg/ha","4312","Fc","Calculated data"
"QCL","Crops and livestock products","5100","Africa","5419","Yield","236","Soybeans","1973","1973","hg/ha","4369","Fc","Calculated data"
"QCL","Crops and livestock products","5100","Africa","5419","Yield","236","Soybeans","1974","1974","hg/ha","5421","Fc","Calculated data"
"QCL","Crops and livestock products","5100","Africa","5419","Yield","236","Soybeans","1975","1975","hg/ha","5552","Fc","Calculated data"
"QCL","Crops and livestock products","5100","Africa","5419","Yield","236","Soybeans","1976","1976","hg/ha","5985","Fc","Calculated data"
"QCL","Crops and livestock products","5100","Africa","5419","Yield","236","Soybeans","1977","1977","hg/ha","6621","Fc","Calculated data"
"QCL","Crops and livestock products","5100","Africa","5419","Yield","236","Soybeans","1978","1978","hg/ha","8499","Fc","Calculated data"
"QCL","Crops and livestock products","5100","Africa","5419","Yield","236","Soybeans","1979","1979","hg/ha","8241","Fc","Calculated data"
"QCL","Crops and livestock products","5100","Africa","5419","Yield","236","Soybeans","1980","1980","hg/ha","8029","Fc","Calculated data"
"QCL","Crops and livestock products","5100","Africa","5419","Yield","236","Soybeans","1981","1981","hg/ha","7944","Fc","Calculated data"
"QCL","Crops and livestock products","5100","Africa","5419","Yield","236","Soybeans","1982","1982","hg/ha","7991","Fc","Calculated data"
"QCL","Crops and livestock products","5100","Africa","5419","Yield","236","Soybeans","1983","1983","hg/ha","9229","Fc","Calculated data"
"QCL","Crops and livestock products","5100","Africa","5419","Yield","236","Soybeans","1984","1984","hg/ha","9240","Fc","Calculated data"
"QCL","Crops and livestock products","5100","Africa","5419","Yield","236","Soybeans","1985","1985","hg/ha","10186","Fc","Calculated data"
"QCL","Crops and livestock products","5100","Africa","5419","Yield","236","Soybeans","1986","1986","hg/ha","9402","Fc","Calculated data"
"QCL","Crops and livestock products","5100","Africa","5419","Yield","236","Soybeans","1987","1987","hg/ha","8452","Fc","Calculated data"
"QCL","Crops and livestock products","5100","Africa","5419","Yield","236","Soybeans","1988","1988","hg/ha","8113","Fc","Calculated data"
"QCL","Crops and livestock products","5100","Africa","5419","Yield","236","Soybeans","1989","1989","hg/ha","7047","Fc","Calculated data"
"QCL","Crops and livestock products","5100","Africa","5419","Yield","236","Soybeans","1990","1990","hg/ha","6778","Fc","Calculated data"
"QCL","Crops and livestock products","5100","Africa","5419","Yield","236","Soybeans","1991","1991","hg/ha","8211","Fc","Calculated data"
"QCL","Crops and livestock products","5100","Africa","5419","Yield","236","Soybeans","1992","1992","hg/ha","5813","Fc","Calculated data"
"QCL","Crops and livestock products","5100","Africa","5419","Yield","236","Soybeans","1993","1993","hg/ha","6566","Fc","Calculated data"
"QCL","Crops and livestock products","5100","Africa","5419","Yield","236","Soybeans","1994","1994","hg/ha","6498","Fc","Calculated data"
"QCL","Crops and livestock products","5100","Africa","5419","Yield","236","Soybeans","1995","1995","hg/ha","7157","Fc","Calculated data"
"QCL","Crops and livestock products","5100","Africa","5419","Yield","236","Soybeans","1996","1996","hg/ha","8813","Fc","Calculated data"
"QCL","Crops and livestock products","5100","Africa","5419","Yield","236","Soybeans","1997","1997","hg/ha","8943","Fc","Calculated data"
"QCL","Crops and livestock products","5100","Africa","5419","Yield","236","Soybeans","1998","1998","hg/ha","10155","Fc","Calculated data"
"QCL","Crops and livestock products","5100","Africa","5419","Yield","236","Soybeans","1999","1999","hg/ha","10540","Fc","Calculated data"
"QCL","Crops and livestock products","5100","Africa","5419","Yield","236","Soybeans","2000","2000","hg/ha","10521","Fc","Calculated data"
"QCL","Crops and livestock products","5100","Africa","5419","Yield","236","Soybeans","2001","2001","hg/ha","10757","Fc","Calculated data"
"QCL","Crops and livestock products","5100","Africa","5419","Yield","236","Soybeans","2002","2002","hg/ha","10407","Fc","Calculated data"
"QCL","Crops and livestock products","5100","Africa","5419","Yield","236","Soybeans","2003","2003","hg/ha","9793","Fc","Calculated data"
"QCL","Crops and livestock products","5100","Africa","5419","Yield","236","Soybeans","2004","2004","hg/ha","10262","Fc","Calculated data"
"QCL","Crops and livestock products","5100","Africa","5419","Yield","236","Soybeans","2005","2005","hg/ha","10896","Fc","Calculated data"
"QCL","Crops and livestock products","5100","Africa","5419","Yield","236","Soybeans","2006","2006","hg/ha","11224","Fc","Calculated data"
"QCL","Crops and livestock products","5100","Africa","5419","Yield","236","Soybeans","2007","2007","hg/ha","10393","Fc","Calculated data"
"QCL","Crops and livestock products","5100","Africa","5419","Yield","236","Soybeans","2008","2008","hg/ha","11349","Fc","Calculated data"
"QCL","Crops and livestock products","5100","Africa","5419","Yield","236","Soybeans","2009","2009","hg/ha","11320","Fc","Calculated data"
"QCL","Crops and livestock products","5100","Africa","5419","Yield","236","Soybeans","2010","2010","hg/ha","13473","Fc","Calculated data"
"QCL","Crops and livestock products","5100","Africa","5419","Yield","236","Soybeans","2011","2011","hg/ha","11712","Fc","Calculated data"
"QCL","Crops and livestock products","5100","Africa","5419","Yield","236","Soybeans","2012","2012","hg/ha","11771","Fc","Calculated data"
"QCL","Crops and livestock products","5100","Africa","5419","Yield","236","Soybeans","2013","2013","hg/ha","11511","Fc","Calculated data"
"QCL","Crops and livestock products","5100","Africa","5419","Yield","236","Soybeans","2014","2014","hg/ha","13225","Fc","Calculated data"
"QCL","Crops and livestock products","5100","Africa","5419","Yield","236","Soybeans","2015","2015","hg/ha","12369","Fc","Calculated data"
"QCL","Crops and livestock products","5100","Africa","5419","Yield","236","Soybeans","2016","2016","hg/ha","11140","Fc","Calculated data"
"QCL","Crops and livestock products","5100","Africa","5419","Yield","236","Soybeans","2017","2017","hg/ha","13106","Fc","Calculated data"
"QCL","Crops and livestock products","5100","Africa","5419","Yield","236","Soybeans","2018","2018","hg/ha","14099","Fc","Calculated data"
"QCL","Crops and livestock products","5100","Africa","5419","Yield","236","Soybeans","2019","2019","hg/ha","12870","Fc","Calculated data"
"QCL","Crops and livestock products","5100","Africa","5419","Yield","236","Soybeans","2020","2020","hg/ha","13480","Fc","Calculated data"
"QCL","Crops and livestock products","5203","Northern America","5419","Yield","236","Soybeans","1961","1961","hg/ha","16932","Fc","Calculated data"
"QCL","Crops and livestock products","5203","Northern America","5419","Yield","236","Soybeans","1962","1962","hg/ha","16333","Fc","Calculated data"
"QCL","Crops and livestock products","5203","Northern America","5419","Yield","236","Soybeans","1963","1963","hg/ha","16419","Fc","Calculated data"
"QCL","Crops and livestock products","5203","Northern America","5419","Yield","236","Soybeans","1964","1964","hg/ha","15346","Fc","Calculated data"
"QCL","Crops and livestock products","5203","Northern America","5419","Yield","236","Soybeans","1965","1965","hg/ha","16538","Fc","Calculated data"
"QCL","Crops and livestock products","5203","Northern America","5419","Yield","236","Soybeans","1966","1966","hg/ha","17122","Fc","Calculated data"
"QCL","Crops and livestock products","5203","Northern America","5419","Yield","236","Soybeans","1967","1967","hg/ha","16514","Fc","Calculated data"
"QCL","Crops and livestock products","5203","Northern America","5419","Yield","236","Soybeans","1968","1968","hg/ha","18004","Fc","Calculated data"
"QCL","Crops and livestock products","5203","Northern America","5419","Yield","236","Soybeans","1969","1969","hg/ha","18416","Fc","Calculated data"
"QCL","Crops and livestock products","5203","Northern America","5419","Yield","236","Soybeans","1970","1970","hg/ha","17964","Fc","Calculated data"
"QCL","Crops and livestock products","5203","Northern America","5419","Yield","236","Soybeans","1971","1971","hg/ha","18524","Fc","Calculated data"
"QCL","Crops and livestock products","5203","Northern America","5419","Yield","236","Soybeans","1972","1972","hg/ha","18742","Fc","Calculated data"
"QCL","Crops and livestock products","5203","Northern America","5419","Yield","236","Soybeans","1973","1973","hg/ha","18714","Fc","Calculated data"
"QCL","Crops and livestock products","5203","Northern America","5419","Yield","236","Soybeans","1974","1974","hg/ha","15938","Fc","Calculated data"
"QCL","Crops and livestock products","5203","Northern America","5419","Yield","236","Soybeans","1975","1975","hg/ha","19449","Fc","Calculated data"
"QCL","Crops and livestock products","5203","Northern America","5419","Yield","236","Soybeans","1976","1976","hg/ha","17534","Fc","Calculated data"
"QCL","Crops and livestock products","5203","Northern America","5419","Yield","236","Soybeans","1977","1977","hg/ha","20604","Fc","Calculated data"
"QCL","Crops and livestock products","5203","Northern America","5419","Yield","236","Soybeans","1978","1978","hg/ha","19723","Fc","Calculated data"
"QCL","Crops and livestock products","5203","Northern America","5419","Yield","236","Soybeans","1979","1979","hg/ha","21632","Fc","Calculated data"
"QCL","Crops and livestock products","5203","Northern America","5419","Yield","236","Soybeans","1980","1980","hg/ha","17898","Fc","Calculated data"
"QCL","Crops and livestock products","5203","Northern America","5419","Yield","236","Soybeans","1981","1981","hg/ha","20346","Fc","Calculated data"
"QCL","Crops and livestock products","5203","Northern America","5419","Yield","236","Soybeans","1982","1982","hg/ha","21239","Fc","Calculated data"
"QCL","Crops and livestock products","5203","Northern America","5419","Yield","236","Soybeans","1983","1983","hg/ha","17631","Fc","Calculated data"
"QCL","Crops and livestock products","5203","Northern America","5419","Yield","236","Soybeans","1984","1984","hg/ha","18986","Fc","Calculated data"
"QCL","Crops and livestock products","5203","Northern America","5419","Yield","236","Soybeans","1985","1985","hg/ha","22956","Fc","Calculated data"
"QCL","Crops and livestock products","5203","Northern America","5419","Yield","236","Soybeans","1986","1986","hg/ha","22452","Fc","Calculated data"
"QCL","Crops and livestock products","5203","Northern America","5419","Yield","236","Soybeans","1987","1987","hg/ha","22887","Fc","Calculated data"
"QCL","Crops and livestock products","5203","Northern America","5419","Yield","236","Soybeans","1988","1988","hg/ha","18233","Fc","Calculated data"
"QCL","Crops and livestock products","5203","Northern America","5419","Yield","236","Soybeans","1989","1989","hg/ha","21800","Fc","Calculated data"
"QCL","Crops and livestock products","5203","Northern America","5419","Yield","236","Soybeans","1990","1990","hg/ha","22986","Fc","Calculated data"
"QCL","Crops and livestock products","5203","Northern America","5419","Yield","236","Soybeans","1991","1991","hg/ha","23064","Fc","Calculated data"
"QCL","Crops and livestock products","5203","Northern America","5419","Yield","236","Soybeans","1992","1992","hg/ha","25246","Fc","Calculated data"
"QCL","Crops and livestock products","5203","Northern America","5419","Yield","236","Soybeans","1993","1993","hg/ha","22068","Fc","Calculated data"
"QCL","Crops and livestock products","5203","Northern America","5419","Yield","236","Soybeans","1994","1994","hg/ha","27801","Fc","Calculated data"
"QCL","Crops and livestock products","5203","Northern America","5419","Yield","236","Soybeans","1995","1995","hg/ha","23891","Fc","Calculated data"
"QCL","Crops and livestock products","5203","Northern America","5419","Yield","236","Soybeans","1996","1996","hg/ha","25265","Fc","Calculated data"
"QCL","Crops and livestock products","5203","Northern America","5419","Yield","236","Soybeans","1997","1997","hg/ha","26152","Fc","Calculated data"
"QCL","Crops and livestock products","5203","Northern America","5419","Yield","236","Soybeans","1998","1998","hg/ha","26227","Fc","Calculated data"
"QCL","Crops and livestock products","5203","Northern America","5419","Yield","236","Soybeans","1999","1999","hg/ha","24736","Fc","Calculated data"
"QCL","Crops and livestock products","5203","Northern America","5419","Yield","236","Soybeans","2000","2000","hg/ha","25609","Fc","Calculated data"
"QCL","Crops and livestock products","5203","Northern America","5419","Yield","236","Soybeans","2001","2001","hg/ha","26243","Fc","Calculated data"
"QCL","Crops and livestock products","5203","Northern America","5419","Yield","236","Soybeans","2002","2002","hg/ha","25474","Fc","Calculated data"
"QCL","Crops and livestock products","5203","Northern America","5419","Yield","236","Soybeans","2003","2003","hg/ha","22732","Fc","Calculated data"
"QCL","Crops and livestock products","5203","Northern America","5419","Yield","236","Soybeans","2004","2004","hg/ha","28312","Fc","Calculated data"
"QCL","Crops and livestock products","5203","Northern America","5419","Yield","236","Soybeans","2005","2005","hg/ha","28888","Fc","Calculated data"
"QCL","Crops and livestock products","5203","Northern America","5419","Yield","236","Soybeans","2006","2006","hg/ha","28818","Fc","Calculated data"
"QCL","Crops and livestock products","5203","Northern America","5419","Yield","236","Soybeans","2007","2007","hg/ha","27849","Fc","Calculated data"
"QCL","Crops and livestock products","5203","Northern America","5419","Yield","236","Soybeans","2008","2008","hg/ha","26763","Fc","Calculated data"
"QCL","Crops and livestock products","5203","Northern America","5419","Yield","236","Soybeans","2009","2009","hg/ha","29411","Fc","Calculated data"
"QCL","Crops and livestock products","5203","Northern America","5419","Yield","236","Soybeans","2010","2010","hg/ha","29256","Fc","Calculated data"
"QCL","Crops and livestock products","5203","Northern America","5419","Yield","236","Soybeans","2011","2011","hg/ha","28257","Fc","Calculated data"
"QCL","Crops and livestock products","5203","Northern America","5419","Yield","236","Soybeans","2012","2012","hg/ha","27031","Fc","Calculated data"
"QCL","Crops and livestock products","5203","Northern America","5419","Yield","236","Soybeans","2013","2013","hg/ha","29564","Fc","Calculated data"
"QCL","Crops and livestock products","5203","Northern America","5419","Yield","236","Soybeans","2014","2014","hg/ha","31648","Fc","Calculated data"
"QCL","Crops and livestock products","5203","Northern America","5419","Yield","236","Soybeans","2015","2015","hg/ha","32077","Fc","Calculated data"
"QCL","Crops and livestock products","5203","Northern America","5419","Yield","236","Soybeans","2016","2016","hg/ha","34600","Fc","Calculated data"
"QCL","Crops and livestock products","5203","Northern America","5419","Yield","236","Soybeans","2017","2017","hg/ha","32621","Fc","Calculated data"
"QCL","Crops and livestock products","5203","Northern America","5419","Yield","236","Soybeans","2018","2018","hg/ha","33677","Fc","Calculated data"
"QCL","Crops and livestock products","5203","Northern America","5419","Yield","236","Soybeans","2019","2019","hg/ha","31540","Fc","Calculated data"
"QCL","Crops and livestock products","5203","Northern America","5419","Yield","236","Soybeans","2020","2020","hg/ha","33633","Fc","Calculated data"
"QCL","Crops and livestock products","5204","Central America","5419","Yield","236","Soybeans","1961","1961","hg/ha","20202","Fc","Calculated data"
"QCL","Crops and livestock products","5204","Central America","5419","Yield","236","Soybeans","1962","1962","hg/ha","20757","Fc","Calculated data"
"QCL","Crops and livestock products","5204","Central America","5419","Yield","236","Soybeans","1963","1963","hg/ha","20513","Fc","Calculated data"
"QCL","Crops and livestock products","5204","Central America","5419","Yield","236","Soybeans","1964","1964","hg/ha","19657","Fc","Calculated data"
"QCL","Crops and livestock products","5204","Central America","5419","Yield","236","Soybeans","1965","1965","hg/ha","21087","Fc","Calculated data"
"QCL","Crops and livestock products","5204","Central America","5419","Yield","236","Soybeans","1966","1966","hg/ha","17486","Fc","Calculated data"
"QCL","Crops and livestock products","5204","Central America","5419","Yield","236","Soybeans","1967","1967","hg/ha","18749","Fc","Calculated data"
"QCL","Crops and livestock products","5204","Central America","5419","Yield","236","Soybeans","1968","1968","hg/ha","20692","Fc","Calculated data"
"QCL","Crops and livestock products","5204","Central America","5419","Yield","236","Soybeans","1969","1969","hg/ha","17568","Fc","Calculated data"
"QCL","Crops and livestock products","5204","Central America","5419","Yield","236","Soybeans","1970","1970","hg/ha","19199","Fc","Calculated data"
"QCL","Crops and livestock products","5204","Central America","5419","Yield","236","Soybeans","1971","1971","hg/ha","19844","Fc","Calculated data"
"QCL","Crops and livestock products","5204","Central America","5419","Yield","236","Soybeans","1972","1972","hg/ha","17000","Fc","Calculated data"
"QCL","Crops and livestock products","5204","Central America","5419","Yield","236","Soybeans","1973","1973","hg/ha","18770","Fc","Calculated data"
"QCL","Crops and livestock products","5204","Central America","5419","Yield","236","Soybeans","1974","1974","hg/ha","16363","Fc","Calculated data"
"QCL","Crops and livestock products","5204","Central America","5419","Yield","236","Soybeans","1975","1975","hg/ha","17379","Fc","Calculated data"
"QCL","Crops and livestock products","5204","Central America","5419","Yield","236","Soybeans","1976","1976","hg/ha","17529","Fc","Calculated data"
"QCL","Crops and livestock products","5204","Central America","5419","Yield","236","Soybeans","1977","1977","hg/ha","16424","Fc","Calculated data"
"QCL","Crops and livestock products","5204","Central America","5419","Yield","236","Soybeans","1978","1978","hg/ha","15427","Fc","Calculated data"
"QCL","Crops and livestock products","5204","Central America","5419","Yield","236","Soybeans","1979","1979","hg/ha","18626","Fc","Calculated data"
"QCL","Crops and livestock products","5204","Central America","5419","Yield","236","Soybeans","1980","1980","hg/ha","20878","Fc","Calculated data"
"QCL","Crops and livestock products","5204","Central America","5419","Yield","236","Soybeans","1981","1981","hg/ha","19502","Fc","Calculated data"
"QCL","Crops and livestock products","5204","Central America","5419","Yield","236","Soybeans","1982","1982","hg/ha","17259","Fc","Calculated data"
"QCL","Crops and livestock products","5204","Central America","5419","Yield","236","Soybeans","1983","1983","hg/ha","17525","Fc","Calculated data"
"QCL","Crops and livestock products","5204","Central America","5419","Yield","236","Soybeans","1984","1984","hg/ha","17474","Fc","Calculated data"
"QCL","Crops and livestock products","5204","Central America","5419","Yield","236","Soybeans","1985","1985","hg/ha","19322","Fc","Calculated data"
"QCL","Crops and livestock products","5204","Central America","5419","Yield","236","Soybeans","1986","1986","hg/ha","18464","Fc","Calculated data"
"QCL","Crops and livestock products","5204","Central America","5419","Yield","236","Soybeans","1987","1987","hg/ha","17678","Fc","Calculated data"
"QCL","Crops and livestock products","5204","Central America","5419","Yield","236","Soybeans","1988","1988","hg/ha","16693","Fc","Calculated data"
"QCL","Crops and livestock products","5204","Central America","5419","Yield","236","Soybeans","1989","1989","hg/ha","20307","Fc","Calculated data"
"QCL","Crops and livestock products","5204","Central America","5419","Yield","236","Soybeans","1990","1990","hg/ha","20380","Fc","Calculated data"
"QCL","Crops and livestock products","5204","Central America","5419","Yield","236","Soybeans","1991","1991","hg/ha","21343","Fc","Calculated data"
"QCL","Crops and livestock products","5204","Central America","5419","Yield","236","Soybeans","1992","1992","hg/ha","18763","Fc","Calculated data"
"QCL","Crops and livestock products","5204","Central America","5419","Yield","236","Soybeans","1993","1993","hg/ha","21305","Fc","Calculated data"
"QCL","Crops and livestock products","5204","Central America","5419","Yield","236","Soybeans","1994","1994","hg/ha","18657","Fc","Calculated data"
"QCL","Crops and livestock products","5204","Central America","5419","Yield","236","Soybeans","1995","1995","hg/ha","15902","Fc","Calculated data"
"QCL","Crops and livestock products","5204","Central America","5419","Yield","236","Soybeans","1996","1996","hg/ha","16511","Fc","Calculated data"
"QCL","Crops and livestock products","5204","Central America","5419","Yield","236","Soybeans","1997","1997","hg/ha","17133","Fc","Calculated data"
"QCL","Crops and livestock products","5204","Central America","5419","Yield","236","Soybeans","1998","1998","hg/ha","17191","Fc","Calculated data"
"QCL","Crops and livestock products","5204","Central America","5419","Yield","236","Soybeans","1999","1999","hg/ha","18371","Fc","Calculated data"
"QCL","Crops and livestock products","5204","Central America","5419","Yield","236","Soybeans","2000","2000","hg/ha","16837","Fc","Calculated data"
"QCL","Crops and livestock products","5204","Central America","5419","Yield","236","Soybeans","2001","2001","hg/ha","18218","Fc","Calculated data"
"QCL","Crops and livestock products","5204","Central America","5419","Yield","236","Soybeans","2002","2002","hg/ha","17568","Fc","Calculated data"
"QCL","Crops and livestock products","5204","Central America","5419","Yield","236","Soybeans","2003","2003","hg/ha","19679","Fc","Calculated data"
"QCL","Crops and livestock products","5204","Central America","5419","Yield","236","Soybeans","2004","2004","hg/ha","16754","Fc","Calculated data"
"QCL","Crops and livestock products","5204","Central America","5419","Yield","236","Soybeans","2005","2005","hg/ha","20359","Fc","Calculated data"
"QCL","Crops and livestock products","5204","Central America","5419","Yield","236","Soybeans","2006","2006","hg/ha","17427","Fc","Calculated data"
"QCL","Crops and livestock products","5204","Central America","5419","Yield","236","Soybeans","2007","2007","hg/ha","16482","Fc","Calculated data"
"QCL","Crops and livestock products","5204","Central America","5419","Yield","236","Soybeans","2008","2008","hg/ha","21083","Fc","Calculated data"
"QCL","Crops and livestock products","5204","Central America","5419","Yield","236","Soybeans","2009","2009","hg/ha","19906","Fc","Calculated data"
"QCL","Crops and livestock products","5204","Central America","5419","Yield","236","Soybeans","2010","2010","hg/ha","12851","Fc","Calculated data"
"QCL","Crops and livestock products","5204","Central America","5419","Yield","236","Soybeans","2011","2011","hg/ha","14456","Fc","Calculated data"
"QCL","Crops and livestock products","5204","Central America","5419","Yield","236","Soybeans","2012","2012","hg/ha","18199","Fc","Calculated data"
"QCL","Crops and livestock products","5204","Central America","5419","Yield","236","Soybeans","2013","2013","hg/ha","16213","Fc","Calculated data"
"QCL","Crops and livestock products","5204","Central America","5419","Yield","236","Soybeans","2014","2014","hg/ha","19146","Fc","Calculated data"
"QCL","Crops and livestock products","5204","Central America","5419","Yield","236","Soybeans","2015","2015","hg/ha","14383","Fc","Calculated data"
"QCL","Crops and livestock products","5204","Central America","5419","Yield","236","Soybeans","2016","2016","hg/ha","18659","Fc","Calculated data"
"QCL","Crops and livestock products","5204","Central America","5419","Yield","236","Soybeans","2017","2017","hg/ha","17014","Fc","Calculated data"
"QCL","Crops and livestock products","5204","Central America","5419","Yield","236","Soybeans","2018","2018","hg/ha","17629","Fc","Calculated data"
"QCL","Crops and livestock products","5204","Central America","5419","Yield","236","Soybeans","2019","2019","hg/ha","16846","Fc","Calculated data"
"QCL","Crops and livestock products","5204","Central America","5419","Yield","236","Soybeans","2020","2020","hg/ha","16583","Fc","Calculated data"
"QCL","Crops and livestock products","5207","South America","5419","Yield","236","Soybeans","1961","1961","hg/ha","11458","Fc","Calculated data"
"QCL","Crops and livestock products","5207","South America","5419","Yield","236","Soybeans","1962","1962","hg/ha","11156","Fc","Calculated data"
"QCL","Crops and livestock products","5207","South America","5419","Yield","236","Soybeans","1963","1963","hg/ha","9948","Fc","Calculated data"
"QCL","Crops and livestock products","5207","South America","5419","Yield","236","Soybeans","1964","1964","hg/ha","9388","Fc","Calculated data"
"QCL","Crops and livestock products","5207","South America","5419","Yield","236","Soybeans","1965","1965","hg/ha","12498","Fc","Calculated data"
"QCL","Crops and livestock products","5207","South America","5419","Yield","236","Soybeans","1966","1966","hg/ha","12355","Fc","Calculated data"
"QCL","Crops and livestock products","5207","South America","5419","Yield","236","Soybeans","1967","1967","hg/ha","12087","Fc","Calculated data"
"QCL","Crops and livestock products","5207","South America","5419","Yield","236","Soybeans","1968","1968","hg/ha","10063","Fc","Calculated data"
"QCL","Crops and livestock products","5207","South America","5419","Yield","236","Soybeans","1969","1969","hg/ha","12311","Fc","Calculated data"
"QCL","Crops and livestock products","5207","South America","5419","Yield","236","Soybeans","1970","1970","hg/ha","11867","Fc","Calculated data"
"QCL","Crops and livestock products","5207","South America","5419","Yield","236","Soybeans","1971","1971","hg/ha","12417","Fc","Calculated data"
"QCL","Crops and livestock products","5207","South America","5419","Yield","236","Soybeans","1972","1972","hg/ha","14656","Fc","Calculated data"
"QCL","Crops and livestock products","5207","South America","5419","Yield","236","Soybeans","1973","1973","hg/ha","14078","Fc","Calculated data"
"QCL","Crops and livestock products","5207","South America","5419","Yield","236","Soybeans","1974","1974","hg/ha","15296","Fc","Calculated data"
"QCL","Crops and livestock products","5207","South America","5419","Yield","236","Soybeans","1975","1975","hg/ha","16766","Fc","Calculated data"
"QCL","Crops and livestock products","5207","South America","5419","Yield","236","Soybeans","1976","1976","hg/ha","17362","Fc","Calculated data"
"QCL","Crops and livestock products","5207","South America","5419","Yield","236","Soybeans","1977","1977","hg/ha","17938","Fc","Calculated data"
"QCL","Crops and livestock products","5207","South America","5419","Yield","236","Soybeans","1978","1978","hg/ha","13486","Fc","Calculated data"
"QCL","Crops and livestock products","5207","South America","5419","Yield","236","Soybeans","1979","1979","hg/ha","14193","Fc","Calculated data"
"QCL","Crops and livestock products","5207","South America","5419","Yield","236","Soybeans","1980","1980","hg/ha","16995","Fc","Calculated data"
"QCL","Crops and livestock products","5207","South America","5419","Yield","236","Soybeans","1981","1981","hg/ha","18117","Fc","Calculated data"
"QCL","Crops and livestock products","5207","South America","5419","Yield","236","Soybeans","1982","1982","hg/ha","16612","Fc","Calculated data"
"QCL","Crops and livestock products","5207","South America","5419","Yield","236","Soybeans","1983","1983","hg/ha","17677","Fc","Calculated data"
"QCL","Crops and livestock products","5207","South America","5419","Yield","236","Soybeans","1984","1984","hg/ha","18120","Fc","Calculated data"
"QCL","Crops and livestock products","5207","South America","5419","Yield","236","Soybeans","1985","1985","hg/ha","18330","Fc","Calculated data"
"QCL","Crops and livestock products","5207","South America","5419","Yield","236","Soybeans","1986","1986","hg/ha","16360","Fc","Calculated data"
"QCL","Crops and livestock products","5207","South America","5419","Yield","236","Soybeans","1987","1987","hg/ha","18743","Fc","Calculated data"
"QCL","Crops and livestock products","5207","South America","5419","Yield","236","Soybeans","1988","1988","hg/ha","18724","Fc","Calculated data"
"QCL","Crops and livestock products","5207","South America","5419","Yield","236","Soybeans","1989","1989","hg/ha","18904","Fc","Calculated data"
"QCL","Crops and livestock products","5207","South America","5419","Yield","236","Soybeans","1990","1990","hg/ha","18655","Fc","Calculated data"
"QCL","Crops and livestock products","5207","South America","5419","Yield","236","Soybeans","1991","1991","hg/ha","17989","Fc","Calculated data"
"QCL","Crops and livestock products","5207","South America","5419","Yield","236","Soybeans","1992","1992","hg/ha","21068","Fc","Calculated data"
"QCL","Crops and livestock products","5207","South America","5419","Yield","236","Soybeans","1993","1993","hg/ha","21615","Fc","Calculated data"
"QCL","Crops and livestock products","5207","South America","5419","Yield","236","Soybeans","1994","1994","hg/ha","21404","Fc","Calculated data"
"QCL","Crops and livestock products","5207","South America","5419","Yield","236","Soybeans","1995","1995","hg/ha","21734","Fc","Calculated data"
"QCL","Crops and livestock products","5207","South America","5419","Yield","236","Soybeans","1996","1996","hg/ha","22168","Fc","Calculated data"
"QCL","Crops and livestock products","5207","South America","5419","Yield","236","Soybeans","1997","1997","hg/ha","21216","Fc","Calculated data"
"QCL","Crops and livestock products","5207","South America","5419","Yield","236","Soybeans","1998","1998","hg/ha","24616","Fc","Calculated data"
"QCL","Crops and livestock products","5207","South America","5419","Yield","236","Soybeans","1999","1999","hg/ha","23865","Fc","Calculated data"
"QCL","Crops and livestock products","5207","South America","5419","Yield","236","Soybeans","2000","2000","hg/ha","23697","Fc","Calculated data"
"QCL","Crops and livestock products","5207","South America","5419","Yield","236","Soybeans","2001","2001","hg/ha","26338","Fc","Calculated data"
"QCL","Crops and livestock products","5207","South America","5419","Yield","236","Soybeans","2002","2002","hg/ha","25668","Fc","Calculated data"
"QCL","Crops and livestock products","5207","South America","5419","Yield","236","Soybeans","2003","2003","hg/ha","27918","Fc","Calculated data"
"QCL","Crops and livestock products","5207","South America","5419","Yield","236","Soybeans","2004","2004","hg/ha","22342","Fc","Calculated data"
"QCL","Crops and livestock products","5207","South America","5419","Yield","236","Soybeans","2005","2005","hg/ha","23808","Fc","Calculated data"
"QCL","Crops and livestock products","5207","South America","5419","Yield","236","Soybeans","2006","2006","hg/ha","24374","Fc","Calculated data"
"QCL","Crops and livestock products","5207","South America","5419","Yield","236","Soybeans","2007","2007","hg/ha","28220","Fc","Calculated data"
"QCL","Crops and livestock products","5207","South America","5419","Yield","236","Soybeans","2008","2008","hg/ha","27650","Fc","Calculated data"
"QCL","Crops and livestock products","5207","South America","5419","Yield","236","Soybeans","2009","2009","hg/ha","22333","Fc","Calculated data"
"QCL","Crops and livestock products","5207","South America","5419","Yield","236","Soybeans","2010","2010","hg/ha","28703","Fc","Calculated data"
"QCL","Crops and livestock products","5207","South America","5419","Yield","236","Soybeans","2011","2011","hg/ha","28429","Fc","Calculated data"
"QCL","Crops and livestock products","5207","South America","5419","Yield","236","Soybeans","2012","2012","hg/ha","24140","Fc","Calculated data"
"QCL","Crops and livestock products","5207","South America","5419","Yield","236","Soybeans","2013","2013","hg/ha","27646","Fc","Calculated data"
"QCL","Crops and livestock products","5207","South America","5419","Yield","236","Soybeans","2014","2014","hg/ha","28051","Fc","Calculated data"
"QCL","Crops and livestock products","5207","South America","5419","Yield","236","Soybeans","2015","2015","hg/ha","30126","Fc","Calculated data"
"QCL","Crops and livestock products","5207","South America","5419","Yield","236","Soybeans","2016","2016","hg/ha","28997","Fc","Calculated data"
"QCL","Crops and livestock products","5207","South America","5419","Yield","236","Soybeans","2017","2017","hg/ha","32614","Fc","Calculated data"
"QCL","Crops and livestock products","5207","South America","5419","Yield","236","Soybeans","2018","2018","hg/ha","29957","Fc","Calculated data"
"QCL","Crops and livestock products","5207","South America","5419","Yield","236","Soybeans","2019","2019","hg/ha","31482","Fc","Calculated data"
"QCL","Crops and livestock products","5207","South America","5419","Yield","236","Soybeans","2020","2020","hg/ha","31157","Fc","Calculated data"
"QCL","Crops and livestock products","5300","Asia","5419","Yield","236","Soybeans","1961","1961","hg/ha","6444","Fc","Calculated data"
"QCL","Crops and livestock products","5300","Asia","5419","Yield","236","Soybeans","1962","1962","hg/ha","6931","Fc","Calculated data"
"QCL","Crops and livestock products","5300","Asia","5419","Yield","236","Soybeans","1963","1963","hg/ha","7205","Fc","Calculated data"
"QCL","Crops and livestock products","5300","Asia","5419","Yield","236","Soybeans","1964","1964","hg/ha","7771","Fc","Calculated data"
"QCL","Crops and livestock products","5300","Asia","5419","Yield","236","Soybeans","1965","1965","hg/ha","7168","Fc","Calculated data"
"QCL","Crops and livestock products","5300","Asia","5419","Yield","236","Soybeans","1966","1966","hg/ha","9482","Fc","Calculated data"
"QCL","Crops and livestock products","5300","Asia","5419","Yield","236","Soybeans","1967","1967","hg/ha","9472","Fc","Calculated data"
"QCL","Crops and livestock products","5300","Asia","5419","Yield","236","Soybeans","1968","1968","hg/ha","9349","Fc","Calculated data"
"QCL","Crops and livestock products","5300","Asia","5419","Yield","236","Soybeans","1969","1969","hg/ha","9026","Fc","Calculated data"
"QCL","Crops and livestock products","5300","Asia","5419","Yield","236","Soybeans","1970","1970","hg/ha","10475","Fc","Calculated data"
"QCL","Crops and livestock products","5300","Asia","5419","Yield","236","Soybeans","1971","1971","hg/ha","10646","Fc","Calculated data"
"QCL","Crops and livestock products","5300","Asia","5419","Yield","236","Soybeans","1972","1972","hg/ha","8524","Fc","Calculated data"
"QCL","Crops and livestock products","5300","Asia","5419","Yield","236","Soybeans","1973","1973","hg/ha","10731","Fc","Calculated data"
"QCL","Crops and livestock products","5300","Asia","5419","Yield","236","Soybeans","1974","1974","hg/ha","10097","Fc","Calculated data"
"QCL","Crops and livestock products","5300","Asia","5419","Yield","236","Soybeans","1975","1975","hg/ha","10189","Fc","Calculated data"
"QCL","Crops and livestock products","5300","Asia","5419","Yield","236","Soybeans","1976","1976","hg/ha","9941","Fc","Calculated data"
"QCL","Crops and livestock products","5300","Asia","5419","Yield","236","Soybeans","1977","1977","hg/ha","10456","Fc","Calculated data"
"QCL","Crops and livestock products","5300","Asia","5419","Yield","236","Soybeans","1978","1978","hg/ha","10513","Fc","Calculated data"
"QCL","Crops and livestock products","5300","Asia","5419","Yield","236","Soybeans","1979","1979","hg/ha","10059","Fc","Calculated data"
"QCL","Crops and livestock products","5300","Asia","5419","Yield","236","Soybeans","1980","1980","hg/ha","10595","Fc","Calculated data"
"QCL","Crops and livestock products","5300","Asia","5419","Yield","236","Soybeans","1981","1981","hg/ha","11202","Fc","Calculated data"
"QCL","Crops and livestock products","5300","Asia","5419","Yield","236","Soybeans","1982","1982","hg/ha","10427","Fc","Calculated data"
"QCL","Crops and livestock products","5300","Asia","5419","Yield","236","Soybeans","1983","1983","hg/ha","12110","Fc","Calculated data"
"QCL","Crops and livestock products","5300","Asia","5419","Yield","236","Soybeans","1984","1984","hg/ha","12293","Fc","Calculated data"
"QCL","Crops and livestock products","5300","Asia","5419","Yield","236","Soybeans","1985","1985","hg/ha","12561","Fc","Calculated data"
"QCL","Crops and livestock products","5300","Asia","5419","Yield","236","Soybeans","1986","1986","hg/ha","12527","Fc","Calculated data"
"QCL","Crops and livestock products","5300","Asia","5419","Yield","236","Soybeans","1987","1987","hg/ha","12907","Fc","Calculated data"
"QCL","Crops and livestock products","5300","Asia","5419","Yield","236","Soybeans","1988","1988","hg/ha","13207","Fc","Calculated data"
"QCL","Crops and livestock products","5300","Asia","5419","Yield","236","Soybeans","1989","1989","hg/ha","11842","Fc","Calculated data"
"QCL","Crops and livestock products","5300","Asia","5419","Yield","236","Soybeans","1990","1990","hg/ha","13169","Fc","Calculated data"
"QCL","Crops and livestock products","5300","Asia","5419","Yield","236","Soybeans","1991","1991","hg/ha","12002","Fc","Calculated data"
"QCL","Crops and livestock products","5300","Asia","5419","Yield","236","Soybeans","1992","1992","hg/ha","12427","Fc","Calculated data"
"QCL","Crops and livestock products","5300","Asia","5419","Yield","236","Soybeans","1993","1993","hg/ha","14141","Fc","Calculated data"
"QCL","Crops and livestock products","5300","Asia","5419","Yield","236","Soybeans","1994","1994","hg/ha","14272","Fc","Calculated data"
"QCL","Crops and livestock products","5300","Asia","5419","Yield","236","Soybeans","1995","1995","hg/ha","13825","Fc","Calculated data"
"QCL","Crops and livestock products","5300","Asia","5419","Yield","236","Soybeans","1996","1996","hg/ha","14362","Fc","Calculated data"
"QCL","Crops and livestock products","5300","Asia","5419","Yield","236","Soybeans","1997","1997","hg/ha","14522","Fc","Calculated data"
"QCL","Crops and livestock products","5300","Asia","5419","Yield","236","Soybeans","1998","1998","hg/ha","14549","Fc","Calculated data"
"QCL","Crops and livestock products","5300","Asia","5419","Yield","236","Soybeans","1999","1999","hg/ha","14668","Fc","Calculated data"
"QCL","Crops and livestock products","5300","Asia","5419","Yield","236","Soybeans","2000","2000","hg/ha","13118","Fc","Calculated data"
"QCL","Crops and livestock products","5300","Asia","5419","Yield","236","Soybeans","2001","2001","hg/ha","13466","Fc","Calculated data"
"QCL","Crops and livestock products","5300","Asia","5419","Yield","236","Soybeans","2002","2002","hg/ha","14189","Fc","Calculated data"
"QCL","Crops and livestock products","5300","Asia","5419","Yield","236","Soybeans","2003","2003","hg/ha","14519","Fc","Calculated data"
"QCL","Crops and livestock products","5300","Asia","5419","Yield","236","Soybeans","2004","2004","hg/ha","14085","Fc","Calculated data"
"QCL","Crops and livestock products","5300","Asia","5419","Yield","236","Soybeans","2005","2005","hg/ha","14237","Fc","Calculated data"
"QCL","Crops and livestock products","5300","Asia","5419","Yield","236","Soybeans","2006","2006","hg/ha","13633","Fc","Calculated data"
"QCL","Crops and livestock products","5300","Asia","5419","Yield","236","Soybeans","2007","2007","hg/ha","13515","Fc","Calculated data"
"QCL","Crops and livestock products","5300","Asia","5419","Yield","236","Soybeans","2008","2008","hg/ha","13729","Fc","Calculated data"
"QCL","Crops and livestock products","5300","Asia","5419","Yield","236","Soybeans","2009","2009","hg/ha","13314","Fc","Calculated data"
"QCL","Crops and livestock products","5300","Asia","5419","Yield","236","Soybeans","2010","2010","hg/ha","15346","Fc","Calculated data"
"QCL","Crops and livestock products","5300","Asia","5419","Yield","236","Soybeans","2011","2011","hg/ha","14713","Fc","Calculated data"
"QCL","Crops and livestock products","5300","Asia","5419","Yield","236","Soybeans","2012","2012","hg/ha","15341","Fc","Calculated data"
"QCL","Crops and livestock products","5300","Asia","5419","Yield","236","Soybeans","2013","2013","hg/ha","13071","Fc","Calculated data"
"QCL","Crops and livestock products","5300","Asia","5419","Yield","236","Soybeans","2014","2014","hg/ha","12883","Fc","Calculated data"
"QCL","Crops and livestock products","5300","Asia","5419","Yield","236","Soybeans","2015","2015","hg/ha","11621","Fc","Calculated data"
"QCL","Crops and livestock products","5300","Asia","5419","Yield","236","Soybeans","2016","2016","hg/ha","14381","Fc","Calculated data"
"QCL","Crops and livestock products","5300","Asia","5419","Yield","236","Soybeans","2017","2017","hg/ha","14764","Fc","Calculated data"
"QCL","Crops and livestock products","5300","Asia","5419","Yield","236","Soybeans","2018","2018","hg/ha","14417","Fc","Calculated data"
"QCL","Crops and livestock products","5300","Asia","5419","Yield","236","Soybeans","2019","2019","hg/ha","15427","Fc","Calculated data"
"QCL","Crops and livestock products","5300","Asia","5419","Yield","236","Soybeans","2020","2020","hg/ha","14184","Fc","Calculated data"
"QCL","Crops and livestock products","5400","Europe","5419","Yield","236","Soybeans","1961","1961","hg/ha","4945","Fc","Calculated data"
"QCL","Crops and livestock products","5400","Europe","5419","Yield","236","Soybeans","1962","1962","hg/ha","5782","Fc","Calculated data"
"QCL","Crops and livestock products","5400","Europe","5419","Yield","236","Soybeans","1963","1963","hg/ha","5044","Fc","Calculated data"
"QCL","Crops and livestock products","5400","Europe","5419","Yield","236","Soybeans","1964","1964","hg/ha","3308","Fc","Calculated data"
"QCL","Crops and livestock products","5400","Europe","5419","Yield","236","Soybeans","1965","1965","hg/ha","5006","Fc","Calculated data"
"QCL","Crops and livestock products","5400","Europe","5419","Yield","236","Soybeans","1966","1966","hg/ha","7021","Fc","Calculated data"
"QCL","Crops and livestock products","5400","Europe","5419","Yield","236","Soybeans","1967","1967","hg/ha","6551","Fc","Calculated data"
"QCL","Crops and livestock products","5400","Europe","5419","Yield","236","Soybeans","1968","1968","hg/ha","6373","Fc","Calculated data"
"QCL","Crops and livestock products","5400","Europe","5419","Yield","236","Soybeans","1969","1969","hg/ha","5404","Fc","Calculated data"
"QCL","Crops and livestock products","5400","Europe","5419","Yield","236","Soybeans","1970","1970","hg/ha","7342","Fc","Calculated data"
"QCL","Crops and livestock products","5400","Europe","5419","Yield","236","Soybeans","1971","1971","hg/ha","6949","Fc","Calculated data"
"QCL","Crops and livestock products","5400","Europe","5419","Yield","236","Soybeans","1972","1972","hg/ha","4507","Fc","Calculated data"
"QCL","Crops and livestock products","5400","Europe","5419","Yield","236","Soybeans","1973","1973","hg/ha","6912","Fc","Calculated data"
"QCL","Crops and livestock products","5400","Europe","5419","Yield","236","Soybeans","1974","1974","hg/ha","6678","Fc","Calculated data"
"QCL","Crops and livestock products","5400","Europe","5419","Yield","236","Soybeans","1975","1975","hg/ha","11405","Fc","Calculated data"
"QCL","Crops and livestock products","5400","Europe","5419","Yield","236","Soybeans","1976","1976","hg/ha","8494","Fc","Calculated data"
"QCL","Crops and livestock products","5400","Europe","5419","Yield","236","Soybeans","1977","1977","hg/ha","8601","Fc","Calculated data"
"QCL","Crops and livestock products","5400","Europe","5419","Yield","236","Soybeans","1978","1978","hg/ha","9281","Fc","Calculated data"
"QCL","Crops and livestock products","5400","Europe","5419","Yield","236","Soybeans","1979","1979","hg/ha","8731","Fc","Calculated data"
"QCL","Crops and livestock products","5400","Europe","5419","Yield","236","Soybeans","1980","1980","hg/ha","8583","Fc","Calculated data"
"QCL","Crops and livestock products","5400","Europe","5419","Yield","236","Soybeans","1981","1981","hg/ha","7595","Fc","Calculated data"
"QCL","Crops and livestock products","5400","Europe","5419","Yield","236","Soybeans","1982","1982","hg/ha","9335","Fc","Calculated data"
"QCL","Crops and livestock products","5400","Europe","5419","Yield","236","Soybeans","1983","1983","hg/ha","9261","Fc","Calculated data"
"QCL","Crops and livestock products","5400","Europe","5419","Yield","236","Soybeans","1984","1984","hg/ha","10374","Fc","Calculated data"
"QCL","Crops and livestock products","5400","Europe","5419","Yield","236","Soybeans","1985","1985","hg/ha","10028","Fc","Calculated data"
"QCL","Crops and livestock products","5400","Europe","5419","Yield","236","Soybeans","1986","1986","hg/ha","15402","Fc","Calculated data"
"QCL","Crops and livestock products","5400","Europe","5419","Yield","236","Soybeans","1987","1987","hg/ha","17078","Fc","Calculated data"
"QCL","Crops and livestock products","5400","Europe","5419","Yield","236","Soybeans","1988","1988","hg/ha","16420","Fc","Calculated data"
"QCL","Crops and livestock products","5400","Europe","5419","Yield","236","Soybeans","1989","1989","hg/ha","16777","Fc","Calculated data"
"QCL","Crops and livestock products","5400","Europe","5419","Yield","236","Soybeans","1990","1990","hg/ha","17970","Fc","Calculated data"
"QCL","Crops and livestock products","5400","Europe","5419","Yield","236","Soybeans","1991","1991","hg/ha","19214","Fc","Calculated data"
"QCL","Crops and livestock products","5400","Europe","5419","Yield","236","Soybeans","1992","1992","hg/ha","14329","Fc","Calculated data"
"QCL","Crops and livestock products","5400","Europe","5419","Yield","236","Soybeans","1993","1993","hg/ha","14148","Fc","Calculated data"
"QCL","Crops and livestock products","5400","Europe","5419","Yield","236","Soybeans","1994","1994","hg/ha","15609","Fc","Calculated data"
"QCL","Crops and livestock products","5400","Europe","5419","Yield","236","Soybeans","1995","1995","hg/ha","16405","Fc","Calculated data"
"QCL","Crops and livestock products","5400","Europe","5419","Yield","236","Soybeans","1996","1996","hg/ha","16802","Fc","Calculated data"
"QCL","Crops and livestock products","5400","Europe","5419","Yield","236","Soybeans","1997","1997","hg/ha","23160","Fc","Calculated data"
"QCL","Crops and livestock products","5400","Europe","5419","Yield","236","Soybeans","1998","1998","hg/ha","20072","Fc","Calculated data"
"QCL","Crops and livestock products","5400","Europe","5419","Yield","236","Soybeans","1999","1999","hg/ha","20167","Fc","Calculated data"
"QCL","Crops and livestock products","5400","Europe","5419","Yield","236","Soybeans","2000","2000","hg/ha","17792","Fc","Calculated data"
"QCL","Crops and livestock products","5400","Europe","5419","Yield","236","Soybeans","2001","2001","hg/ha","20414","Fc","Calculated data"
"QCL","Crops and livestock products","5400","Europe","5419","Yield","236","Soybeans","2002","2002","hg/ha","20566","Fc","Calculated data"
"QCL","Crops and livestock products","5400","Europe","5419","Yield","236","Soybeans","2003","2003","hg/ha","15191","Fc","Calculated data"
"QCL","Crops and livestock products","5400","Europe","5419","Yield","236","Soybeans","2004","2004","hg/ha","17852","Fc","Calculated data"
"QCL","Crops and livestock products","5400","Europe","5419","Yield","236","Soybeans","2005","2005","hg/ha","17800","Fc","Calculated data"
"QCL","Crops and livestock products","5400","Europe","5419","Yield","236","Soybeans","2006","2006","hg/ha","15720","Fc","Calculated data"
"QCL","Crops and livestock products","5400","Europe","5419","Yield","236","Soybeans","2007","2007","hg/ha","13769","Fc","Calculated data"
"QCL","Crops and livestock products","5400","Europe","5419","Yield","236","Soybeans","2008","2008","hg/ha","16125","Fc","Calculated data"
"QCL","Crops and livestock products","5400","Europe","5419","Yield","236","Soybeans","2009","2009","hg/ha","17150","Fc","Calculated data"
"QCL","Crops and livestock products","5400","Europe","5419","Yield","236","Soybeans","2010","2010","hg/ha","17505","Fc","Calculated data"
"QCL","Crops and livestock products","5400","Europe","5419","Yield","236","Soybeans","2011","2011","hg/ha","19091","Fc","Calculated data"
"QCL","Crops and livestock products","5400","Europe","5419","Yield","236","Soybeans","2012","2012","hg/ha","15655","Fc","Calculated data"
"QCL","Crops and livestock products","5400","Europe","5419","Yield","236","Soybeans","2013","2013","hg/ha","18538","Fc","Calculated data"
"QCL","Crops and livestock products","5400","Europe","5419","Yield","236","Soybeans","2014","2014","hg/ha","19507","Fc","Calculated data"
"QCL","Crops and livestock products","5400","Europe","5419","Yield","236","Soybeans","2015","2015","hg/ha","17745","Fc","Calculated data"
"QCL","Crops and livestock products","5400","Europe","5419","Yield","236","Soybeans","2016","2016","hg/ha","20936","Fc","Calculated data"
"QCL","Crops and livestock products","5400","Europe","5419","Yield","236","Soybeans","2017","2017","hg/ha","18613","Fc","Calculated data"
"QCL","Crops and livestock products","5400","Europe","5419","Yield","236","Soybeans","2018","2018","hg/ha","21435","Fc","Calculated data"
"QCL","Crops and livestock products","5400","Europe","5419","Yield","236","Soybeans","2019","2019","hg/ha","20944","Fc","Calculated data"
"QCL","Crops and livestock products","5400","Europe","5419","Yield","236","Soybeans","2020","2020","hg/ha","20072","Fc","Calculated data"
"QCL","Crops and livestock products","5500","Oceania","5419","Yield","236","Soybeans","1961","1961","hg/ha","6667","Fc","Calculated data"
"QCL","Crops and livestock products","5500","Oceania","5419","Yield","236","Soybeans","1962","1962","hg/ha","7738","Fc","Calculated data"
"QCL","Crops and livestock products","5500","Oceania","5419","Yield","236","Soybeans","1963","1963","hg/ha","5978","Fc","Calculated data"
"QCL","Crops and livestock products","5500","Oceania","5419","Yield","236","Soybeans","1964","1964","hg/ha","4471","Fc","Calculated data"
"QCL","Crops and livestock products","5500","Oceania","5419","Yield","236","Soybeans","1965","1965","hg/ha","6053","Fc","Calculated data"
"QCL","Crops and livestock products","5500","Oceania","5419","Yield","236","Soybeans","1966","1966","hg/ha","3858","Fc","Calculated data"
"QCL","Crops and livestock products","5500","Oceania","5419","Yield","236","Soybeans","1967","1967","hg/ha","6635","Fc","Calculated data"
"QCL","Crops and livestock products","5500","Oceania","5419","Yield","236","Soybeans","1968","1968","hg/ha","5479","Fc","Calculated data"
"QCL","Crops and livestock products","5500","Oceania","5419","Yield","236","Soybeans","1969","1969","hg/ha","8313","Fc","Calculated data"
"QCL","Crops and livestock products","5500","Oceania","5419","Yield","236","Soybeans","1970","1970","hg/ha","10123","Fc","Calculated data"
"QCL","Crops and livestock products","5500","Oceania","5419","Yield","236","Soybeans","1971","1971","hg/ha","12568","Fc","Calculated data"
"QCL","Crops and livestock products","5500","Oceania","5419","Yield","236","Soybeans","1972","1972","hg/ha","18663","Fc","Calculated data"
"QCL","Crops and livestock products","5500","Oceania","5419","Yield","236","Soybeans","1973","1973","hg/ha","13567","Fc","Calculated data"
"QCL","Crops and livestock products","5500","Oceania","5419","Yield","236","Soybeans","1974","1974","hg/ha","15416","Fc","Calculated data"
"QCL","Crops and livestock products","5500","Oceania","5419","Yield","236","Soybeans","1975","1975","hg/ha","16095","Fc","Calculated data"
"QCL","Crops and livestock products","5500","Oceania","5419","Yield","236","Soybeans","1976","1976","hg/ha","16973","Fc","Calculated data"
"QCL","Crops and livestock products","5500","Oceania","5419","Yield","236","Soybeans","1977","1977","hg/ha","15991","Fc","Calculated data"
"QCL","Crops and livestock products","5500","Oceania","5419","Yield","236","Soybeans","1978","1978","hg/ha","15337","Fc","Calculated data"
"QCL","Crops and livestock products","5500","Oceania","5419","Yield","236","Soybeans","1979","1979","hg/ha","18410","Fc","Calculated data"
"QCL","Crops and livestock products","5500","Oceania","5419","Yield","236","Soybeans","1980","1980","hg/ha","14513","Fc","Calculated data"
"QCL","Crops and livestock products","5500","Oceania","5419","Yield","236","Soybeans","1981","1981","hg/ha","18496","Fc","Calculated data"
"QCL","Crops and livestock products","5500","Oceania","5419","Yield","236","Soybeans","1982","1982","hg/ha","19029","Fc","Calculated data"
"QCL","Crops and livestock products","5500","Oceania","5419","Yield","236","Soybeans","1983","1983","hg/ha","11041","Fc","Calculated data"
"QCL","Crops and livestock products","5500","Oceania","5419","Yield","236","Soybeans","1984","1984","hg/ha","18441","Fc","Calculated data"
"QCL","Crops and livestock products","5500","Oceania","5419","Yield","236","Soybeans","1985","1985","hg/ha","17422","Fc","Calculated data"
"QCL","Crops and livestock products","5500","Oceania","5419","Yield","236","Soybeans","1986","1986","hg/ha","14826","Fc","Calculated data"
"QCL","Crops and livestock products","5500","Oceania","5419","Yield","236","Soybeans","1987","1987","hg/ha","16499","Fc","Calculated data"
"QCL","Crops and livestock products","5500","Oceania","5419","Yield","236","Soybeans","1988","1988","hg/ha","15868","Fc","Calculated data"
"QCL","Crops and livestock products","5500","Oceania","5419","Yield","236","Soybeans","1989","1989","hg/ha","18315","Fc","Calculated data"
"QCL","Crops and livestock products","5500","Oceania","5419","Yield","236","Soybeans","1990","1990","hg/ha","15718","Fc","Calculated data"
"QCL","Crops and livestock products","5500","Oceania","5419","Yield","236","Soybeans","1991","1991","hg/ha","15551","Fc","Calculated data"
"QCL","Crops and livestock products","5500","Oceania","5419","Yield","236","Soybeans","1992","1992","hg/ha","21141","Fc","Calculated data"
"QCL","Crops and livestock products","5500","Oceania","5419","Yield","236","Soybeans","1993","1993","hg/ha","16168","Fc","Calculated data"
"QCL","Crops and livestock products","5500","Oceania","5419","Yield","236","Soybeans","1994","1994","hg/ha","19999","Fc","Calculated data"
"QCL","Crops and livestock products","5500","Oceania","5419","Yield","236","Soybeans","1995","1995","hg/ha","15318","Fc","Calculated data"
"QCL","Crops and livestock products","5500","Oceania","5419","Yield","236","Soybeans","1996","1996","hg/ha","18740","Fc","Calculated data"
"QCL","Crops and livestock products","5500","Oceania","5419","Yield","236","Soybeans","1997","1997","hg/ha","18974","Fc","Calculated data"
"QCL","Crops and livestock products","5500","Oceania","5419","Yield","236","Soybeans","1998","1998","hg/ha","17035","Fc","Calculated data"
"QCL","Crops and livestock products","5500","Oceania","5419","Yield","236","Soybeans","1999","1999","hg/ha","22667","Fc","Calculated data"
"QCL","Crops and livestock products","5500","Oceania","5419","Yield","236","Soybeans","2000","2000","hg/ha","18714","Fc","Calculated data"
"QCL","Crops and livestock products","5500","Oceania","5419","Yield","236","Soybeans","2001","2001","hg/ha","14626","Fc","Calculated data"
"QCL","Crops and livestock products","5500","Oceania","5419","Yield","236","Soybeans","2002","2002","hg/ha","19487","Fc","Calculated data"
"QCL","Crops and livestock products","5500","Oceania","5419","Yield","236","Soybeans","2003","2003","hg/ha","14760","Fc","Calculated data"
"QCL","Crops and livestock products","5500","Oceania","5419","Yield","236","Soybeans","2004","2004","hg/ha","22136","Fc","Calculated data"
"QCL","Crops and livestock products","5500","Oceania","5419","Yield","236","Soybeans","2005","2005","hg/ha","16810","Fc","Calculated data"
"QCL","Crops and livestock products","5500","Oceania","5419","Yield","236","Soybeans","2006","2006","hg/ha","20993","Fc","Calculated data"
"QCL","Crops and livestock products","5500","Oceania","5419","Yield","236","Soybeans","2007","2007","hg/ha","19730","Fc","Calculated data"
"QCL","Crops and livestock products","5500","Oceania","5419","Yield","236","Soybeans","2008","2008","hg/ha","23289","Fc","Calculated data"
"QCL","Crops and livestock products","5500","Oceania","5419","Yield","236","Soybeans","2009","2009","hg/ha","18926","Fc","Calculated data"
"QCL","Crops and livestock products","5500","Oceania","5419","Yield","236","Soybeans","2010","2010","hg/ha","19042","Fc","Calculated data"
"QCL","Crops and livestock products","5500","Oceania","5419","Yield","236","Soybeans","2011","2011","hg/ha","17136","Fc","Calculated data"
"QCL","Crops and livestock products","5500","Oceania","5419","Yield","236","Soybeans","2012","2012","hg/ha","22598","Fc","Calculated data"
"QCL","Crops and livestock products","5500","Oceania","5419","Yield","236","Soybeans","2013","2013","hg/ha","22336","Fc","Calculated data"
"QCL","Crops and livestock products","5500","Oceania","5419","Yield","236","Soybeans","2014","2014","hg/ha","12825","Fc","Calculated data"
"QCL","Crops and livestock products","5500","Oceania","5419","Yield","236","Soybeans","2015","2015","hg/ha","18548","Fc","Calculated data"
"QCL","Crops and livestock products","5500","Oceania","5419","Yield","236","Soybeans","2016","2016","hg/ha","14144","Fc","Calculated data"
"QCL","Crops and livestock products","5500","Oceania","5419","Yield","236","Soybeans","2017","2017","hg/ha","18811","Fc","Calculated data"
"QCL","Crops and livestock products","5500","Oceania","5419","Yield","236","Soybeans","2018","2018","hg/ha","9012","Fc","Calculated data"
"QCL","Crops and livestock products","5500","Oceania","5419","Yield","236","Soybeans","2019","2019","hg/ha","11298","Fc","Calculated data"
"QCL","Crops and livestock products","5500","Oceania","5419","Yield","236","Soybeans","2020","2020","hg/ha","17722","Fc","Calculated data"
